,City,Cloudiness,Date,Humidity,Lat,Lng,Wind Speed
0,Celestun,83,1559731350,83,20.87,-90.4,18.57
1,Lashio,97,1559731351,60,22.93,97.75,2.06
2,Saint George,40,1559731352,47,39.45,22.34,4.7
3,Puri,20,1559731353,66,-7.54,112.45,10.29
4,Baruun-Urt,94,1559731354,48,46.68,113.28,8.08
5,Yellowknife,40,1559731356,86,62.45,-114.38,9.17
6,Coihaique,90,1559731357,81,-45.58,-72.07,6.93
7,Cascais,20,1559731358,59,38.7,-9.42,13.87
8,Sao Joao da Barra,40,1559731359,82,-21.64,-41.05,6.93
9,Mataura,96,1559731361,83,-46.19,168.86,8.55
10,Trairi,43,1559731362,76,-3.28,-39.27,8.59
11,Dunedin,1,1559731297,61,-45.87,170.5,1.99
12,Jacareacanga,60,1559731364,70,-6.22,-57.76,2.8
13,Avarua,51,1559731365,83,-21.21,-159.78,5.82
14,Atuona,35,1559731366,75,-9.8,-139.03,18.75
15,Ushuaia,75,1559731362,86,-54.81,-68.31,4.7
16,Qaanaaq,98,1559731368,86,77.48,-69.36,5.35
17,Saint-Philippe,75,1559731370,87,45.36,-73.48,4.7
18,Khatanga,36,1559731371,51,71.98,102.47,10.56
19,Hilo,90,1559731372,88,19.71,-155.08,5.82
20,Codrington,75,1559731373,87,-28.95,153.24,4.25
21,Orsta,75,1559731374,82,62.2,6.13,2.71
22,Bluff,99,1559731376,43,-23.58,149.07,12.21
23,Kruisfontein,3,1559731377,56,-34.0,24.73,25.64
24,Port Elizabeth,1,1559731378,88,39.31,-74.98,11.77
25,Igbon,93,1559731379,49,7.88,4.35,8.37
26,Kapit,87,1559731380,85,2.02,112.94,2.95
27,Namibe,0,1559731381,65,-15.19,12.15,8.63
28,Rikitea,26,1559731383,80,-23.12,-134.97,3.91
29,San Patricio,0,1559731384,82,-26.98,-56.83,8.66
30,Kodiak,1,1559731386,100,39.95,-94.76,5.82
31,Komsomolskiy,94,1559731387,100,67.55,63.78,3.87
32,Praia da Vitoria,40,1559731386,63,38.73,-27.07,12.93
33,East London,0,1559731389,68,-33.02,27.91,17.22
34,Kuytun,100,1559731390,51,54.34,101.51,1.5
35,Suntar,63,1559731392,48,62.16,117.65,4.25
36,Port-Cartier,75,1559731393,93,50.03,-66.88,2.24
37,Cherskiy,0,1559731394,53,68.75,161.3,7.94
38,Krasnyy Yar,0,1559731395,46,50.7,44.73,8.72
39,Kaitangata,55,1559731396,80,-46.28,169.85,4.0
40,Glendora,90,1559731184,100,34.14,-117.87,3.36
41,Souillac,100,1559731398,93,45.6,-0.6,4.7
42,Srednekolymsk,74,1559731400,32,67.46,153.71,12.19
43,Bethel,1,1559731401,76,60.79,-161.76,12.75
44,Dikson,95,1559731402,89,73.51,80.55,3.98
45,Kavieng,100,1559731403,76,-2.57,150.8,5.08
46,Gornopravdinsk,87,1559731405,43,60.06,69.92,4.99
47,Boca do Acre,0,1559731406,77,-8.76,-67.39,4.9
48,Carnarvon,63,1559731407,33,-30.97,22.13,16.67
49,Klaksvik,95,1559731408,93,62.23,-6.59,9.17
50,Touros,0,1559731409,94,-5.2,-35.46,6.93
51,Luderitz,54,1559731411,60,-26.65,15.16,14.99
52,Jawhar,5,1559731412,51,19.91,73.23,9.8
53,New Norfolk,20,1559731413,58,-42.78,147.06,10.29
54,Tuktoyaktuk,42,1559731414,80,69.44,-133.03,11.88
55,Charcas,100,1559731415,74,23.13,-101.11,4.68
56,Nikolskoye,20,1559731417,42,59.7,30.79,6.71
57,Chernyshevskiy,100,1559731418,43,63.01,112.47,3.18
58,Esperanza,98,1559731419,88,6.72,124.52,1.34
59,Hobart,20,1559731260,58,-42.88,147.33,10.29
60,Tiksi,0,1559731422,80,71.64,128.87,10.29
61,Sola,0,1559731423,40,62.78,29.36,8.05
62,Hermanus,100,1559731424,63,-34.42,19.24,11.01
63,Husavik,6,1559731425,94,50.56,-96.99,5.86
64,Ixtapa,75,1559731426,100,20.71,-105.21,5.26
65,Ponta do Sol,43,1559731428,75,-20.63,-46.0,7.23
66,Porto Novo,40,1559731429,87,-23.68,-45.44,2.24
67,Bukama,6,1559731430,20,-9.2,25.85,4.27
68,Kapaa,90,1559731431,88,22.08,-159.32,14.99
69,Igede,100,1559731432,40,10.05,5.94,5.17
70,Kerema,98,1559731434,85,-7.96,145.78,17.13
71,Kutum,98,1559731435,19,14.2,24.66,10.69
72,Artyom,40,1559731436,87,43.36,132.19,11.18
73,Chokurdakh,0,1559731437,53,70.62,147.9,9.1
74,Tazovskiy,57,1559731438,78,67.47,78.7,5.12
75,Knysna,0,1559731440,42,-34.04,23.05,12.75
76,Auki,51,1559731441,28,12.18,6.51,13.29
77,Punta Arenas,75,1559731442,93,-53.16,-70.91,8.05
78,Half Moon Bay,1,1559731443,71,37.46,-122.43,10.29
79,Seduva,0,1559731444,39,55.77,23.77,14.99
80,Huilong,86,1559731446,92,28.89,110.18,3.83
81,Cabo San Lucas,6,1559731368,86,22.89,-109.91,10.38
82,Severo-Kurilsk,100,1559731448,95,50.68,156.12,1.95
83,Yar-Sale,100,1559731449,89,66.83,70.83,14.88
84,Lianzhou,100,1559731450,97,24.79,112.38,4.43
85,Castro,75,1559731452,93,-42.48,-73.76,10.29
86,Jamestown,0,1559731453,74,-33.21,138.6,4.63
87,Kamen-Rybolov,64,1559731455,66,44.75,132.04,5.41
88,Neiafu,28,1559731456,78,-18.65,-173.98,20.07
89,Ilulissat,20,1559731457,48,69.22,-51.1,5.82
90,Lasa,20,1559731458,54,34.92,32.53,12.75
91,Busselton,99,1559731459,26,-33.64,115.35,21.74
92,Albany,90,1559731212,59,42.65,-73.75,6.93
93,Puerto Ayora,29,1559731462,86,-0.74,-90.35,11.07
94,Cape Town,75,1559731437,72,-33.93,18.42,17.22
95,Grand Forks,1,1559731464,82,47.91,-97.06,10.29
96,Newport,75,1559731261,71,51.59,-3.0,14.99
97,Airai,37,1559731466,72,-8.93,125.41,11.27
98,Ribeira Grande,40,1559731468,68,38.52,-28.7,3.36
99,Flinders,0,1559731469,81,-34.58,150.85,5.82
100,Takoradi,100,1559731470,93,4.89,-1.75,6.69
101,North Bend,1,1559731471,93,43.41,-124.22,3.36
102,Tutoia,9,1559731472,85,-2.76,-42.27,5.3
103,Henties Bay,0,1559731473,88,-22.12,14.28,4.0
104,Christchurch,17,1559731475,76,-43.53,172.64,1.12
105,Lompoc,90,1559731476,100,34.64,-120.46,2.08
106,Wasilla,1,1559731477,100,61.58,-149.44,2.19
107,Ancud,75,1559731478,93,-41.87,-73.83,10.29
108,Hervey Bay,100,1559731346,82,-25.3,152.85,2.24
109,Lebu,75,1559731480,49,8.96,38.73,5.82
110,Vanimo,100,1559731482,73,-2.67,141.3,4.79
111,Isangel,54,1559731483,81,-19.55,169.27,10.36
112,Bambous Virieux,75,1559731484,69,-20.34,57.76,17.22
113,Udachnyy,90,1559731485,76,66.42,112.4,4.47
114,Safford,1,1559731486,37,32.83,-109.71,5.82
115,Piacabucu,32,1559731488,71,-10.41,-36.43,4.12
116,Birin,69,1559731489,19,35.01,36.67,10.98
117,Manta,55,1559731490,68,45.1,24.1,7.02
118,Georgetown,75,1559731492,94,6.8,-58.16,6.93
119,Kolvereid,0,1559731493,55,64.86,11.6,8.05
120,Bredasdorp,12,1559731494,63,-34.53,20.04,21.92
121,Naze,75,1559731495,79,5.43,7.07,8.05
122,Vao,22,1559731496,43,59.1,26.19,1.21
123,Benton Harbor,40,1559731298,93,42.12,-86.45,10.07
124,Nanortalik,64,1559731499,66,60.14,-45.24,6.58
125,Kieta,87,1559731500,71,-6.22,155.63,7.85
126,Butaritari,55,1559731501,81,3.07,172.79,15.9
127,Crib Point,100,1559731502,80,-38.35,145.2,4.0
128,Nelson Bay,90,1559731503,81,-32.72,152.14,8.05
129,Northam,40,1559731505,71,51.04,-4.21,9.17
130,Mount Isa,100,1559731506,33,-20.73,139.49,13.87
131,Burnie,100,1559731507,86,-41.05,145.91,18.01
132,Port Alfred,10,1559731508,64,-33.59,26.89,8.99
133,Wajima,20,1559731509,88,37.4,136.9,8.05
134,Karasjok,40,1559731511,66,69.47,25.52,2.24
135,Challans,90,1559731512,67,46.85,-1.88,3.36
136,Norman Wells,90,1559731513,86,65.28,-126.83,2.24
137,Barrow,100,1559731514,83,-38.31,-60.23,19.42
138,Saint Anthony,1,1559731515,62,43.97,-111.68,3.36
139,Ostrovnoy,88,1559731517,80,68.05,39.51,20.2
140,Novopokrovka,2,1559731518,71,45.85,134.51,2.04
141,Arman,89,1559731519,78,59.7,150.17,0.43
142,Xining,75,1559731520,63,36.62,101.77,9.1
143,Faanui,1,1559731507,79,-16.48,-151.75,16.02
144,Atar,0,1559731523,10,20.52,-13.05,11.7
145,Haukipudas,0,1559731524,52,65.17,25.5,3.36
146,Chapleau,75,1559731525,100,47.85,-83.4,5.08
147,Port Lincoln,9,1559731499,61,-34.72,135.86,7.96
148,Te Anau,78,1559731527,91,-45.41,167.72,4.85
149,Leningradskiy,92,1559731528,94,69.38,178.42,3.76
150,Abu Dhabi,0,1559731312,11,24.47,54.37,4.7
151,Kununurra,3,1559731531,20,-15.77,128.74,9.17
152,Izhma,94,1559731532,73,65.01,53.91,8.32
153,Hithadhoo,28,1559731533,78,-0.6,73.08,11.03
154,Ust-Omchug,99,1559731534,65,61.13,149.63,4.05
155,Guanambi,1,1559731535,61,-14.22,-42.78,12.48
156,Sao Bernardo do Campo,75,1559731536,87,-23.69,-46.56,5.82
157,Goderich,98,1559731538,89,43.74,-81.71,10.96
158,Viransehir,53,1559731539,13,37.24,39.76,16.4
159,Kibaya,8,1559731540,60,-2.2,30.56,10.0
160,Victoria,75,1559731287,79,5.28,115.24,3.36
161,Rabo de Peixe,20,1559731543,55,37.8,-25.58,9.17
162,Paveh,0,1559731544,8,35.05,46.36,4.7
163,Petropavlovsk-Kamchatskiy,75,1559731545,100,53.05,158.65,8.95
164,Alto Araguaia,0,1559731494,69,-17.32,-53.22,9.98
165,Pirovskoye,87,1559731547,48,57.63,92.27,4.14
166,Saskylakh,0,1559731549,42,71.97,114.09,14.25
167,Shuyskoye,9,1559731550,41,59.37,41.03,10.98
168,Havoysund,75,1559731551,70,71.0,24.66,3.36
169,Tuatapere,94,1559731552,83,-46.13,167.69,27.65
170,Gamba,20,1559731553,14,28.28,88.52,15.41
171,Provideniya,0,1559731501,95,64.42,-173.23,3.74
172,Sarangani,96,1559731556,66,5.4,125.46,1.39
173,Los Llanos de Aridane,75,1559731557,73,28.66,-17.92,11.41
174,Paamiut,98,1559731558,67,61.99,-49.67,10.54
175,Kasongo-Lunda,4,1559731559,19,-6.48,16.82,4.65
176,Walvis Bay,0,1559731560,67,-22.95,14.51,2.24
177,Gazli,0,1559731562,9,40.13,63.45,6.67
178,Muzhi,100,1559731563,99,65.4,64.7,10.25
179,Yagodnoye,21,1559731564,72,62.52,149.63,3.76
180,Anchorage,40,1559731565,87,61.22,-149.89,3.71
181,Geraldton,20,1559731546,86,49.72,-86.95,3.36
182,Chifeng,100,1559731569,33,42.27,118.96,6.42
183,Panaba,100,1559731570,84,21.28,-88.27,6.85
184,Nishihara,1,1559731512,73,35.74,139.53,6.93
185,Vaini,40,1559731572,29,15.34,74.49,6.93
186,Russell,0,1559731574,93,-33.01,-68.8,3.36
187,Atherton,75,1559731575,76,53.52,-2.49,10.29
188,Mtambile,0,1559731421,68,-5.38,39.7,13.02
189,Berlevag,75,1559731577,70,70.86,29.09,9.17
190,Kem,100,1559731578,79,2.68,33.77,4.21
191,Katsuura,40,1559731579,78,33.93,134.5,2.24
192,Iguape,22,1559731581,80,-24.7,-47.56,4.27
193,Whitianga,74,1559731582,96,-36.83,175.7,6.46
194,Iquique,90,1559731343,63,-20.22,-70.14,3.36
195,Upata,100,1559731584,82,8.02,-62.41,7.07
196,Gazanjyk,29,1559731585,9,39.24,55.52,4.72
197,Ahipara,43,1559731500,77,-35.17,173.16,42.32
198,Benguela,40,1559731587,73,-12.58,13.4,9.17
199,Puerto del Rosario,75,1559731588,73,28.5,-13.86,12.75
200,Thinadhoo,24,1559731528,75,0.53,72.93,11.99
201,Chiungutwa,15,1559731591,45,-10.88,38.98,6.71
202,Shaunavon,59,1559731592,69,49.65,-108.41,10.07
203,Rio Grande,0,1559731480,100,-32.03,-52.1,5.08
204,Beaufort,75,1559731594,79,5.36,115.76,3.36
205,Kahului,1,1559731595,73,20.89,-156.47,5.82
206,Pevek,33,1559731597,90,69.7,170.27,4.59
207,Khingansk,25,1559731598,69,49.12,131.18,1.7
208,Fortuna,0,1559731599,21,38.18,-1.13,13.87
209,Son La,100,1559731600,92,21.32,103.9,0.83
210,Nouadhibou,0,1559731601,53,20.93,-17.03,23.04
211,Ostersund,0,1559731603,72,63.18,14.64,3.36
212,Bela Vista,0,1559731604,87,-22.11,-56.53,9.08
213,Vaitape,1,1559731606,79,-16.52,-151.75,16.02
214,Narsaq,40,1559731511,61,60.91,-46.05,3.36
215,Adrar,0,1559731608,8,27.87,-0.29,11.41
216,Guerrero Negro,7,1559731609,89,27.97,-114.04,10.71
217,Shellbrook,90,1559731610,76,53.22,-106.39,8.05
218,Laramie,1,1559731612,86,41.31,-105.59,3.36
219,Victoria Point,0,1559731613,59,-27.58,153.3,9.17
220,Shingu,40,1559731614,88,33.72,135.99,3.36
221,Chenghai,0,1559731615,94,23.46,116.77,2.24
222,Solnechnyy,26,1559731616,78,50.72,136.64,3.4
223,Nuuk,20,1559731391,70,64.17,-51.74,6.93
224,Clyde River,40,1559731619,63,70.47,-68.59,9.17
225,Abashiri,75,1559731620,81,44.01,144.25,1.12
226,San Carlos de Bariloche,90,1559731544,81,-41.13,-71.31,13.87
227,Gushikawa,20,1559731622,88,26.35,127.87,4.7
228,Lavrentiya,15,1559731623,73,65.58,-170.99,2.75
229,Thessalon,90,1559731624,93,46.26,-83.55,4.21
230,Gambo,59,1559731625,25,11.96,9.63,15.52
231,Middelburg,0,1559731627,12,-25.77,29.46,11.5
232,Evensk,49,1559731628,68,61.92,159.24,6.11
233,Mahajanga,20,1559731629,43,-15.72,46.32,9.17
234,Chapais,90,1559731630,86,49.78,-74.86,8.05
235,Lazaro Cardenas,20,1559731532,67,28.39,-105.62,4.92
236,Thompson,90,1559731632,100,55.74,-97.86,2.68
237,Muroto,75,1559731634,83,33.37,134.14,3.36
238,Sisimiut,39,1559731635,66,66.94,-53.67,11.59
239,Pacific Grove,1,1559731426,87,36.62,-121.92,3.51
240,Kaniama,17,1559731637,20,-7.57,24.18,2.91
241,Morros,20,1559731638,94,-2.87,-44.04,3.36
242,Cidreira,0,1559731639,70,-30.17,-50.22,10.54
243,Briancon,2,1559731640,46,44.9,6.65,3.0
244,Jonesboro,1,1559731494,88,35.84,-90.7,6.93
245,Laurel,20,1559731410,67,45.67,-108.77,9.17
246,Torbay,90,1559731644,76,47.66,-52.73,12.75
247,Lima,90,1559731438,100,-12.06,-77.04,8.05
248,Orikum,0,1559731646,86,40.33,19.47,19.71
249,Mar del Plata,71,1559731505,61,-46.43,-67.52,23.17
250,Kollam,75,1559731648,83,8.88,76.6,9.17
251,Deputatskiy,0,1559731550,44,69.3,139.9,10.18
252,Sorland,40,1559731651,76,67.67,12.69,8.05
253,Jardim,0,1559731652,88,-21.48,-56.15,11.18
254,Biak,100,1559731653,99,-0.91,122.88,4.23
255,Hailar,48,1559731654,57,49.2,119.7,5.59
256,Tasiilaq,5,1559731500,69,65.61,-37.64,5.82
257,Boa Vista,100,1559731394,80,2.82,-60.67,2.86
258,Bayan,84,1559731658,56,47.25,107.54,5.32
259,Bathsheba,20,1559731659,74,13.22,-59.52,18.34
260,Laguna,0,1559731660,68,27.52,-110.01,6.51
261,Kungurtug,71,1559731661,31,50.6,97.53,8.81
262,Galle,90,1559731662,94,29.74,-97.91,6.93
263,Ucluelet,100,1559731664,87,48.94,-125.55,13.4
264,Myitkyina,83,1559731665,67,25.38,97.4,1.99
265,Turukhansk,0,1559731669,39,65.8,87.96,10.25
266,Aracati,17,1559731633,68,-4.56,-37.77,7.31
267,Chumikan,25,1559731671,95,54.72,135.31,2.82
268,Skender Vakuf,40,1559731672,65,44.49,17.38,3.36
269,Ryotsu,75,1559731674,83,38.08,138.43,2.24
270,Hargeysa,40,1559731675,45,9.56,44.06,10.29
271,Baikunthpur,61,1559731676,15,23.26,82.56,10.54
272,Itarema,20,1559731677,79,-2.92,-39.92,10.33
273,Ambilobe,1,1559731678,47,-13.19,49.05,6.49
274,Ukrayinka,1,1559731679,43,44.96,34.06,6.64
275,Lagoa,20,1559731681,37,37.14,-8.45,11.41
276,Gao,26,1559731682,6,16.28,-0.04,5.82
277,Yulara,0,1559731532,34,-25.24,130.99,6.93
278,Madaoua,46,1559731684,21,14.07,5.96,15.88
279,Bodden Town,49,1559731685,100,19.28,-81.25,1.99
280,Wajir,43,1559731687,38,1.75,40.07,15.28
281,Waingapu,59,1559731688,81,-9.65,120.26,14.9
282,Poum,75,1559731689,72,41.28,20.71,4.7
283,Quatre Cocos,75,1559731690,69,-20.21,57.76,17.22
284,Yairipok,75,1559731692,62,24.67,94.07,1.12
285,Sabha,0,1559731693,17,27.03,14.43,8.55
286,Ketchikan,1,1559731694,100,55.34,-131.65,1.81
287,Esperance,20,1559731537,88,10.24,-61.45,11.68
288,Samaro,0,1559731696,16,25.28,69.4,2.01
289,Lucapa,11,1559731698,18,-8.42,20.74,6.82
290,Ardesen,75,1559731699,100,41.19,40.99,3.36
291,Wattegama,92,1559731700,78,7.35,80.68,6.87
292,Point Pedro,92,1559731701,80,9.82,80.23,19.3
293,Varfurile,85,1559731702,72,46.32,22.52,7.54
294,Black River,20,1559731703,83,18.03,-77.85,2.24
295,River Falls,90,1559731705,93,44.86,-92.63,3.36
296,Llanes,2,1559731706,84,43.42,-4.75,8.99
297,Capiibary,0,1559731707,82,-24.8,-56.03,7.56
298,Faya,5,1559731500,9,18.39,42.45,11.41
299,Bubaque,32,1559731709,82,11.28,-15.83,8.99
300,Shache,100,1559731710,11,38.42,77.24,6.62
301,Santa Maria,90,1559731712,100,-29.69,-53.81,4.7
302,San Quintin,94,1559731714,73,17.54,120.52,1.79
303,Broome,20,1559731591,63,52.47,1.45,13.87
304,Necochea,95,1559731716,90,-38.55,-58.74,11.01
305,Timbuktu,82,1559731425,6,16.77,-3.01,2.42
306,Conde,76,1559731507,67,-11.81,-37.61,5.3
307,Dingle,97,1559731719,70,11.0,122.67,6.26
308,Kalamnuri,20,1559731720,30,19.67,77.31,3.36
309,Manzanillo,83,1559731722,82,20.34,-77.12,12.06
310,Inhambane,20,1559731723,54,-23.87,35.38,6.93
311,Carbonia,5,1559731724,42,39.17,8.53,18.34
312,Tezu,1,1559731567,61,27.93,96.16,0.94
313,Macusani,0,1559731726,47,-14.07,-70.43,4.36
314,College,75,1559731728,50,64.86,-147.8,8.05
315,Dera Bugti,100,1559731729,6,29.03,69.15,21.18
316,Guantanamo,0,1559731730,79,-16.14,-62.05,2.91
317,Randfontein,0,1559731731,20,-26.17,27.69,4.7
318,Lahaina,1,1559731732,73,20.87,-156.68,5.82
319,Zhigansk,46,1559731734,59,66.77,123.37,7.36
320,Sandy Bay,20,1559731735,58,-42.9,147.33,10.29
321,Tura,28,1559731736,71,25.52,90.21,5.53
322,Atasu,2,1559731737,27,48.68,71.64,14.54
323,Merrillville,90,1559731739,100,41.48,-87.33,7.27
324,Samarai,97,1559731740,96,-10.62,150.67,5.93
325,Vestmannaeyjar,0,1559731564,76,63.44,-20.27,6.93
326,Biltine,79,1559731742,26,14.53,20.93,10.87
327,Aldan,99,1559731743,68,58.61,125.39,4.99
328,Umm Lajj,0,1559731744,78,25.02,37.27,13.49
329,Oranjemund,76,1559731745,86,-28.55,16.43,14.9
330,Buzmeyin,40,1559731747,13,38.05,58.21,4.7
331,Natal,40,1559731748,74,-5.81,-35.21,11.41
332,Rozzano,0,1559731749,42,45.38,9.15,4.7
333,Timra,0,1559731750,52,62.49,17.33,6.93
334,Manicore,25,1559731752,74,-5.81,-61.3,3.09
335,Panguna,99,1559731753,77,-6.32,155.48,13.22
336,Saint-Joseph,0,1559731754,60,43.56,6.97,8.05
337,Garowe,100,1559731755,49,8.41,48.48,20.56
338,Mareeba,100,1559731756,55,-16.99,145.42,13.87
339,Morehead,75,1559731758,72,38.18,-83.43,4.7
340,Oksbol,20,1559731759,88,55.63,8.29,11.41
341,Gravelbourg,24,1559731760,45,49.88,-106.56,13.11
342,Bambanglipuro,31,1559731761,87,-7.95,110.28,13.15
343,Ailigandi,81,1559731762,80,9.23,-78.02,4.61
344,Pochutla,98,1559731764,90,15.74,-96.47,3.65
345,Villa San Giovanni,0,1559731765,42,45.52,9.23,4.7
346,Gisborne,86,1559731551,99,-38.66,178.02,8.01
347,Toamasina,75,1559731767,83,-18.17,49.38,3.36
348,Providencia,99,1559731768,88,1.24,-77.6,4.85
349,Sitka,60,1559731770,79,37.17,-99.65,11.99
350,Ust-Nera,16,1559731502,62,64.57,143.24,5.17
351,Meulaboh,100,1559731772,73,4.14,96.13,0.76
352,Malinovskiy,0,1559731773,52,54.15,34.53,7.11
353,Gravina in Puglia,40,1559731774,47,40.82,16.42,4.7
354,Prachuap Khiri Khan,100,1559731776,97,11.81,99.79,3.22
355,Beringovskiy,100,1559731540,82,63.05,179.32,7.07
356,Upernavik,96,1559731778,74,72.79,-56.15,4.59
357,General Roca,0,1559731779,66,-39.03,-67.58,4.7
358,La Ronge,75,1559731780,87,55.1,-105.3,2.24
359,Gashua,58,1559731781,16,12.87,11.04,14.67
360,Clarence Town,90,1559731782,81,-32.59,151.78,8.05
361,Marshall,90,1559731784,88,39.39,-87.69,6.93
362,Saurimo,25,1559731785,23,-9.66,20.4,7.23
363,San Pedro,44,1559731787,85,-33.68,-59.66,5.99
364,Vila Franca do Campo,20,1559731788,55,37.72,-25.43,9.17
365,Mahebourg,75,1559731514,69,-20.41,57.7,17.22
366,Nong Ki,75,1559731790,74,14.69,102.54,2.24
367,Labuhan,73,1559731792,86,-2.54,115.51,3.47
368,Arraial do Cabo,75,1559731524,88,-22.97,-42.02,10.29
369,Fougamou,94,1559731794,65,-1.22,10.59,2.64
370,Miri,100,1559731795,29,10.31,9.75,9.44
371,Nemuro,100,1559731796,94,43.32,145.57,4.41
372,Hamilton,90,1559731502,94,32.3,-64.78,1.12
373,Shirokiy,0,1559731799,20,53.87,39.17,1.01
374,Ko Samui,20,1559731800,74,9.54,99.94,2.24
375,Velingara,43,1559731801,48,13.64,-16.01,11.48
376,Haines Junction,80,1559731802,61,60.75,-137.51,3.91
377,Goianesia,0,1559731804,67,-15.32,-49.12,8.52
378,Port Hedland,0,1559731805,18,-20.31,118.58,11.41
379,Mapiripan,100,1559731806,95,2.89,-72.13,4.81
380,Basco,40,1559731807,100,40.33,-91.2,6.93
381,Mokhsogollokh,100,1559731808,93,61.4,128.95,3.74
382,Tornio,0,1559731809,47,61.12,27.27,9.17
383,Dunbar,75,1559731802,87,45.65,-88.17,6.93
384,Boda,40,1559731812,52,26.2,88.56,8.05
385,Homer,1,1559731813,93,59.64,-151.54,4.7
386,Cockburn Town,13,1559731544,81,21.46,-71.14,11.12
387,Hasaki,40,1559731815,88,35.73,140.83,8.05
388,Beloha,0,1559731816,39,-25.17,45.06,3.04
389,Novyy Urengoy,56,1559731645,37,66.08,76.63,13.33
390,Sorong,100,1559731818,94,-0.86,131.25,2.93
391,Batagay-Alyta,35,1559731820,56,67.8,130.41,6.2
392,Severo-Yeniseyskiy,95,1559731821,34,60.37,93.04,2.95
393,Ahuimanu,40,1559731822,74,21.44,-157.84,8.05
394,Sept-Iles,75,1559731800,93,50.2,-66.38,2.24
395,Minas,0,1559731626,81,-34.38,-55.24,12.75
396,Kuvshinovo,1,1559731825,49,57.03,34.18,5.57
397,North Platte,75,1559731772,87,41.12,-100.77,8.05
398,Fort Nelson,75,1559731828,70,58.81,-122.69,6.93
399,Kaura Namoda,97,1559731829,27,12.59,6.58,12.97
400,Kirgiz-Miyaki,15,1559731830,69,53.63,54.8,18.01
401,Oktyabrskiy,0,1559731831,33,55.61,37.97,8.95
402,Destin,1,1559731832,88,30.39,-86.5,1.54
403,Santiago de Cuba,20,1559731834,88,20.03,-75.83,5.82
404,Salinopolis,95,1559731835,76,-0.61,-47.36,7.67
405,Raiwala,40,1559731836,26,30.02,78.22,8.05
406,Kamaishi,75,1559731837,64,39.28,141.86,2.24
407,Hofn,40,1559731838,49,64.25,-15.21,18.34
408,Pambuhan,85,1559731839,91,13.97,123.08,3.65
409,Novikovo,19,1559731841,62,45.05,34.56,9.42
410,Chuy,26,1559731842,81,-33.69,-53.46,15.61
411,Verkhoyansk,4,1559731843,33,67.55,133.39,9.24
412,Hokitika,0,1559731844,51,-42.72,170.96,5.97
413,Nyurba,47,1559731845,49,63.29,118.35,2.21
414,Marawi,100,1559731847,95,8.0,124.29,5.99
415,Caravelas,25,1559731848,66,-17.73,-39.27,13.58
416,Vila Velha,40,1559731849,83,-3.71,-38.6,8.05
417,Karaton,20,1559731850,62,-6.34,106.1,11.41
418,Aracaju,20,1559731851,94,-10.92,-37.08,4.7
419,Mount Gambier,90,1559731853,87,-37.83,140.78,5.82
420,Pringsewu,26,1559731854,88,-5.36,104.98,2.8
421,Maamba,0,1559731855,24,-17.36,27.22,6.78
422,Saint Lawrence,0,1559731856,47,36.06,14.2,10.29
423,Lobito,40,1559731858,73,-12.35,13.55,9.17
424,Goryachegorsk,41,1559731859,48,55.41,88.92,7.83
425,West Wendover,1,1559731860,52,40.74,-114.07,6.93
426,Santa Maria da Boa Vista,31,1559731861,37,-8.8,-39.83,12.68
427,La Plata,0,1559731699,87,-34.92,-57.95,13.62
428,Caruray,75,1559731863,62,10.31,119.01,6.93
429,Havre-Saint-Pierre,40,1559731864,93,50.23,-63.6,2.24
430,Paita,28,1559731866,89,-5.09,-81.11,11.39
431,Luang Prabang,75,1559731867,59,19.89,102.14,6.93
432,Bireun,100,1559731868,90,5.2,96.7,1.88
433,Mansa,0,1559731869,22,23.43,72.66,6.93
434,Krasnovishersk,0,1559731871,29,60.4,57.08,6.26
435,Wanning,20,1559731872,42,48.64,13.53,11.41
436,Omsukchan,49,1559731873,80,62.53,155.8,5.57
437,Rawlins,40,1559731874,87,41.79,-107.24,8.05
438,Itacoatiara,3,1559731848,93,-3.14,-58.44,2.35
439,Manturovo,0,1559731877,41,58.33,44.76,10.83
440,San Gabriel,90,1559731852,100,34.1,-118.11,5.82
441,Seymchan,39,1559731879,77,62.93,152.39,0.34
442,Montrose,90,1559731880,71,-37.81,145.34,13.87
443,Sobolevo,6,1559731881,67,54.43,31.9,9.53
444,Hay River,90,1559731883,100,60.82,-115.79,9.17
445,Mogwase,0,1559731884,25,-25.28,27.22,3.36
446,Podbrdo,20,1559731885,61,46.21,13.97,5.82
447,Sabang,80,1559731886,75,13.72,123.58,11.97
448,Beira,40,1559731887,67,43.2,-8.36,12.75
449,Saldanha,45,1559731889,41,41.42,-6.55,12.03
450,Sosva,100,1559731890,62,59.17,61.86,10.51
451,Alyangula,75,1559731891,60,-13.85,136.42,5.82
452,Port Blair,73,1559731892,77,11.67,92.75,10.83
453,Rypefjord,75,1559731893,81,70.63,23.67,3.36
454,Amursk,84,1559731894,86,50.23,136.9,1.45
455,Kudahuvadhoo,100,1559731896,75,2.67,72.89,16.49
456,Adolfo Lopez Mateos,1,1559731897,84,26.8,-109.39,5.99
457,Lac du Bonnet,11,1559731898,89,50.25,-96.06,4.54
458,Rincon,90,1559731899,94,32.3,-81.24,3.36
459,Alofi,7,1559731900,94,-19.06,-169.92,6.93
460,Ariquemes,53,1559731901,76,-9.91,-63.03,5.46
461,Kavaratti,100,1559731903,77,10.57,72.64,12.44
462,Qaqortoq,40,1559731904,61,60.72,-46.03,3.36
463,Opunake,100,1559731905,84,-39.45,173.86,30.0
464,The Valley,40,1559731906,83,18.22,-63.06,6.93
465,Longyearbyen,75,1559731907,74,78.22,15.63,8.05
466,Biryusinsk,33,1559731908,41,55.96,97.82,3.42
467,Palana,56,1559731910,70,59.08,159.95,12.57
468,Aripuana,3,1559731911,70,-9.17,-60.63,5.17
469,Awjilah,0,1559731912,14,29.14,21.3,12.55
470,Tripoli,20,1559731865,53,37.51,22.37,6.93
471,Korsakov,75,1559731914,87,46.63,142.78,6.71
472,Viesca,40,1559731915,73,25.34,-102.81,0.67
473,Skibotn,75,1559731917,93,69.39,20.27,9.17
474,Hambantota,75,1559731918,66,6.12,81.12,16.11
475,Jizan,20,1559731919,63,16.89,42.56,18.34
476,Pandamatenga,0,1559731920,16,-18.54,25.64,5.91
477,Vardo,20,1559731761,63,39.62,-77.74,4.7
478,Collie,95,1559731922,27,-33.36,116.15,6.67
479,Gat,75,1559731923,78,14.69,-16.54,11.41
480,Masumbwe,50,1559731925,38,-3.65,32.16,5.32
481,Eyl,100,1559731926,44,7.98,49.82,24.49
482,Guane,65,1559731927,75,22.2,-84.09,5.3
483,Santa Vitoria do Palmar,13,1559731923,83,-33.52,-53.37,9.46
484,Taltal,0,1559731929,58,-25.41,-70.49,2.08
485,Savyntsi,75,1559731930,51,49.4,37.05,13.78
486,Pangnirtung,92,1559731932,49,66.15,-65.72,0.22
487,Honiara,75,1559731866,100,-9.43,159.96,2.24
488,Gander,75,1559731934,93,48.95,-54.61,11.41
489,Bereda,40,1559731935,67,43.27,-7.54,12.75
490,Byron Bay,90,1559731936,93,-28.65,153.62,4.7
491,Lembeni,3,1559731937,38,-3.78,37.62,13.94
492,Najran,5,1559731938,10,17.54,44.22,11.41
493,Araouane,23,1559731940,3,18.9,-3.53,8.77
494,Lensk,84,1559731941,43,60.71,114.91,5.21
495,Pasni,97,1559731942,16,25.26,63.48,17.4
496,Lubango,0,1559731943,32,-14.92,13.49,18.34
497,Kargil,60,1559731944,35,34.56,76.13,4.97
498,Pasinler,0,1559731945,24,39.98,41.67,16.11
499,Chitre,36,1559731946,70,28.42,83.7,7.29
500,Puerto Tejada,20,1559731948,93,3.23,-76.42,3.36
501,Ha Tinh,96,1559731949,58,18.33,105.9,4.16
502,Sao Filipe,0,1559731950,84,14.9,-24.5,11.43
503,Portland,90,1559731835,51,45.52,-122.67,1.5
504,Kandrian,100,1559731952,87,-6.21,149.55,7.09
505,San Matias,75,1559731953,83,13.97,-86.63,3.13
506,Do Gonbadan,20,1559731955,9,30.36,50.8,13.42
507,Talnakh,0,1559731956,99,69.49,88.39,11.18
508,Eureka,1,1559731957,100,40.8,-124.16,3.36
509,Ulcinj,75,1559731945,68,41.93,19.22,3.36
510,Bonthe,64,1559731960,68,7.53,-12.5,8.97
511,Usinsk,86,1559731961,36,66.0,57.56,6.89
512,Meadow Lake,17,1559731962,80,54.13,-108.44,7.16
513,Anloga,40,1559731821,79,5.79,0.9,17.22
514,Sioux Lookout,90,1559731964,93,50.1,-91.92,3.36
515,Cabatuan,71,1559731965,82,16.95,121.67,2.17
516,Jati,0,1559731967,43,24.35,68.27,18.79
517,Louis Trichardt,0,1559731968,14,-23.04,29.91,5.82
518,Atambua,47,1559731969,71,-9.11,124.89,24.11
519,Two Rivers,90,1559731970,88,44.15,-87.57,6.93
520,Shenjiamen,65,1559731971,94,29.96,122.3,16.35
521,Talaya,20,1559731972,40,55.79,84.89,8.95
522,Qasigiannguit,20,1559731974,48,68.82,-51.19,5.82
523,Salisbury,75,1559731975,58,51.07,-1.8,10.29
524,Pakhtakoron,44,1559731976,24,40.16,68.75,4.61
525,Puerto Escondido,100,1559731977,81,15.86,-97.07,2.66
526,Oussouye,20,1559731979,74,12.49,-16.54,6.93
527,General Pico,100,1559731980,84,-35.66,-63.75,7.72
528,Canakkale,20,1559731981,47,40.15,26.41,5.82
529,Bose,0,1559731982,65,45.46,8.01,5.82
530,Bagan,65,1559731983,51,54.1,77.67,12.15
531,Ipswich,0,1559731984,59,-27.62,152.76,9.17
532,Sawtell,31,1559731986,66,-30.38,153.1,8.05
533,Itoigawa,0,1559731987,74,37.02,137.87,6.78
534,Lodja,5,1559731988,27,-3.52,23.6,4.25
535,Daru,57,1559731989,65,7.99,-10.85,3.31
536,Mumbwa,0,1559731990,31,-14.99,27.06,6.38
537,Kontagora,46,1559731992,34,10.4,5.47,5.95
538,Olga,90,1559731828,82,34.11,-118.17,3.36
539,Kyshtovka,99,1559731994,81,56.56,76.62,11.72
540,Great Falls,75,1559731992,46,47.5,-111.29,6.93
541,Zanesville,75,1559731705,77,39.94,-82.01,5.82
542,Bafia,87,1559731997,67,4.74,11.22,6.15
543,Bongandanga,67,1559731999,82,1.51,21.07,3.58
544,Bloomington,90,1559732000,94,40.47,-88.99,3.36
545,Mount Darwin,0,1559732001,25,-16.77,31.58,3.31
546,Paso de Carrasco,0,1559732002,81,-34.86,-56.05,11.41
547,Sulangan,99,1559732003,73,11.14,123.72,11.56
548,Liepaja,2,1559732005,57,56.52,21.02,12.75
549,Buala,100,1559732006,80,-8.15,159.59,11.36
550,Amahai,100,1559732007,88,-3.31,129.0,14.61
551,Tongliao,69,1559732008,29,43.61,122.27,5.1
